{"ANG MO KIO": 5717.350522278805, "BEDOK": 5078.859695463252, "BISHAN": 6552.074076693206, "BUKIT BATOK": 5139.506014273592, "BUKIT MERAH": 7124.532813945718, "BUKIT PANJANG": 5012.130986770547, "BUKIT TIMAH": 7289.552912840584, "CENTRAL AREA": 8032.092958081699, "CHOA CHU KANG": 4905.573021108144, "CLEMENTI": 6676.793845473988, "GEYLANG": 5948.501556986705, "HOUGANG": 5451.615622379397, "JURONG EAST": 4997.346895838263, "JURONG WEST": 4742.4874231630065, "KALLANG/WHAMPOA": 6983.883473821315, "MARINE PARADE": 6258.174504135022, "PASIR RIS": 5153.989241391977, "PUNGGOL": 5706.849997937495, "QUEENSTOWN": 7595.550905475117, "SEMBAWANG": 4919.924203141621, "SENGKANG": 5374.678100668515, "SERANGOON": 5714.5680052077805, "TAMPINES": 5372.993397971051, "TOA PAYOH": 6192.596931966048, "WOODLANDS": 4719.303058742652, "YISHUN": 5170.170829853265}